{
  "x": "bank_angle_deg",
  "y": "turn_radius_m",
  "n": 324552,
  "correlations": [
    {
      "method": "pearson",
      "r": -0.5209175375989284,
      "p": 0.0,
      "n": 324552
    },
    {
      "method": "spearman",
      "r": -0.521117798643509,
      "p": 0.0,
      "n": 324552
    }
  ],
  "linreg": {
    "slope": -2.6042986948125284,
    "intercept": 229.68644104992944,
    "r": -0.5209175375989309,
    "p": 0.0,
    "stderr": 0.0074909858722644876,
    "r2": 0.2713550809781336,
    "slope_ci95": [
      -2.618980812085804,
      -2.589616577539253
    ],
    "intercept_ci95": [
      229.1568694104697,
      230.21601268938917
    ],
    "n": 324552
  }
}