{
  "x": "turn_radius_m",
  "y": "avg_speed_kmh",
  "n": 324552,
  "correlations": [
    {
      "method": "pearson",
      "r": 0.4783593179993829,
      "p": 0.0,
      "n": 324552
    },
    {
      "method": "spearman",
      "r": 0.4918086678336816,
      "p": 0.0,
      "n": 324552
    }
  ],
  "linreg": {
    "slope": 0.19629986998004742,
    "intercept": 83.55185715483147,
    "r": 0.478359317999383,
    "p": 0.0,
    "stderr": 0.0006325584996243027,
    "r2": 0.22882763711683485,
    "slope_ci95": [
      0.1950600734790184,
      0.19753966648107643
    ],
    "intercept_ci95": [
      83.37785376884257,
      83.72586054082036
    ],
    "n": 324552
  }
}