{
  "x": "duration_s",
  "y": "avg_speed_kmh",
  "n": 324552,
  "correlations": [
    {
      "method": "pearson",
      "r": -0.02308573257613508,
      "p": 1.6243160588022797e-39,
      "n": 324552
    },
    {
      "method": "spearman",
      "r": 0.03842605125501452,
      "p": 2.6485183419881247e-106,
      "n": 324552
    }
  ],
  "linreg": {
    "slope": -0.05167846723997578,
    "intercept": 111.91063264129552,
    "r": -0.02308573257613514,
    "p": 1.6243160588028895e-39,
    "stderr": 0.003928342967674895,
    "r2": 0.0005329510485768273,
    "slope_ci95": [
      -0.05937790668954122,
      -0.043979027790410345
    ],
    "intercept_ci95": [
      111.69025853329133,
      112.13100674929971
    ],
    "n": 324552
  }
}