{
  "x": "turn_radius_m",
  "y": "bank_angle_deg",
  "n": 324552,
  "correlations": [
    {
      "method": "pearson",
      "r": -0.5209175375989284,
      "p": 0.0,
      "n": 324552
    },
    {
      "method": "spearman",
      "r": -0.521117798643509,
      "p": 0.0,
      "n": 324552
    }
  ],
  "linreg": {
    "slope": -0.10419506852982818,
    "intercept": 49.84402744158191,
    "r": -0.5209175375989309,
    "p": 0.0,
    "stderr": 0.0002997059392116922,
    "r2": 0.2713550809781336,
    "slope_ci95": [
      -0.10478248356731952,
      -0.10360765349233685
    ],
    "intercept_ci95": [
      49.76158471374758,
      49.926470169416234
    ],
    "n": 324552
  }
}