{
  "x": "bank_angle_deg",
  "y": "duration_s",
  "n": 324552,
  "correlations": [
    {
      "method": "pearson",
      "r": -0.8689307791183449,
      "p": 0.0,
      "n": 324552
    },
    {
      "method": "spearman",
      "r": -0.8628838902078378,
      "p": 0.0,
      "n": 324552
    }
  ],
  "linreg": {
    "slope": -0.796355173045502,
    "intercept": 56.40337672218689,
    "r": -0.8689307791183476,
    "p": 0.0,
    "stderr": 0.0007962102880770021,
    "r2": 0.7550406988992185,
    "slope_ci95": [
      -0.7979157223541073,
      -0.7947946237368966
    ],
    "intercept_ci95": [
      56.347089019232754,
      56.45966442514103
    ],
    "n": 324552
  }
}