{
  "x": "avg_speed_kmh",
  "y": "duration_s",
  "n": 324552,
  "correlations": [
    {
      "method": "pearson",
      "r": -0.02308573257613508,
      "p": 1.6243160588022797e-39,
      "n": 324552
    },
    {
      "method": "spearman",
      "r": 0.03842605125501451,
      "p": 2.648518341988426e-106,
      "n": 324552
    }
  ],
  "linreg": {
    "slope": -0.010312826154498713,
    "intercept": 29.222801461592283,
    "r": -0.02308573257613514,
    "p": 1.6243160588028895e-39,
    "stderr": 0.0007839303343257929,
    "r2": 0.0005329510485768273,
    "slope_ci95": [
      -0.01184930710626029,
      -0.008776345202737136
    ],
    "intercept_ci95": [
      29.052022018145212,
      29.393580905039354
    ],
    "n": 324552
  }
}