{
  "x": "turn_radius_m",
  "y": "climb_rate_ms",
  "n": 324552,
  "correlations": [
    {
      "method": "pearson",
      "r": -0.0894056523863892,
      "p": 0.0,
      "n": 324552
    },
    {
      "method": "spearman",
      "r": -0.08769944258966983,
      "p": 0.0,
      "n": 324552
    }
  ],
  "linreg": {
    "slope": -0.0034391217616901756,
    "intercept": 2.4254270435000143,
    "r": -0.08940565238638966,
    "p": 0.0,
    "stderr": 6.725104794878764e-05,
    "r2": 0.007993370678635942,
    "slope_ci95": [
      -0.0035709318851601187,
      -0.0033073116382202326
    ],
    "intercept_ci95": [
      2.4069277109302343,
      2.4439263760697942
    ],
    "n": 324552
  }
}