{
  "x": "bank_angle_deg",
  "y": "avg_speed_kmh",
  "n": 324552,
  "correlations": [
    {
      "method": "pearson",
      "r": 0.48858966741459087,
      "p": 0.0,
      "n": 324552
    },
    {
      "method": "spearman",
      "r": 0.43802103032661627,
      "p": 0.0,
      "n": 324552
    }
  ],
  "linreg": {
    "slope": 1.002378785488914,
    "intercept": 74.8130449976947,
    "r": 0.488589667414591,
    "p": 0.0,
    "stderr": 0.003142092967704943,
    "r2": 0.23871986310430063,
    "slope_ci95": [
      0.9962203734691842,
      1.0085371975086435
    ],
    "intercept_ci95": [
      74.59091624820617,
      75.03517374718324
    ],
    "n": 324552
  }
}