{
  "correlations": [
    {
      "method": "pearson",
      "r": -0.12457472302127301,
      "p": 0.0007815004826177243,
      "n": 724
    },
    {
      "method": "spearman",
      "r": 0.0216754916134149,
      "p": 0.5603723794672477,
      "n": 724
    }
  ],
  "linreg": {
    "slope": -0.025582585087396126,
    "intercept": 3.814029461039098,
    "r": -0.124574723021273,
    "p": 0.0007815004826177213,
    "stderr": 0.00758314915289256,
    "r2": 0.015518861615826884,
    "slope_ci95": [
      -0.04047024133643284,
      -0.010694928838359414
    ],
    "intercept_ci95": [
      2.868106381610398,
      4.759952540467799
    ],
    "n": 724
  }
}