{
  "stats": {
    "pairs": 12,
    "max_dist_m": 600.0,
    "min_overlap_frac": 0.25
  },
  "rows": 12,
  "summary": {
    "dist_m": {
      "min": 30.95361549840341,
      "max": 478.70759597330056,
      "mean": 94.00354967582068
    },
    "time_overlap_s": {
      "min": 20.0,
      "max": 73.0,
      "mean": 32.0
    },
    "overlap_frac": {
      "min": 0.7317073170731707,
      "max": 1.0,
      "mean": 0.9776422764227642
    },
    "climb_rate_ms": {
      "min": 1.6571428571428573,
      "max": 3.3095238095238093,
      "mean": 2.18924934708692
    },
    "alt_gain_m": {
      "min": 34.0,
      "max": 195.0,
      "mean": 77.75
    },
    "duration_s": {
      "min": 20.0,
      "max": 73.0,
      "mean": 33.583333333333336
    }
  }
}