{
  "stats": {
    "count": 14,
    "min_m": 925.2694169679756,
    "median_m": 20261.959038991215,
    "mean_m": 17311.779930048513,
    "p90_m": 23520.937974678425,
    "p95_m": 29302.835739235234,
    "max_m": 39711.85191765462
  },
  "rows": 14,
  "summary": {
    "dist_m": {
      "min": 49.732294413655346,
      "max": 453.8630788248582,
      "mean": 175.17551457428564
    },
    "time_overlap_s": {
      "min": 24.0,
      "max": 116.0,
      "mean": 61.714285714285715
    },
    "overlap_frac": {
      "min": 0.3157894736842105,
      "max": 1.0,
      "mean": 0.8880785998609971
    },
    "climb_rate_ms": {
      "min": 2.240740740740741,
      "max": 4.142857142857143,
      "mean": 2.9443716221345135
    },
    "alt_gain_m": {
      "min": 100.0,
      "max": 336.0,
      "mean": 201.14285714285714
    },
    "duration_s": {
      "min": 28.0,
      "max": 116.0,
      "mean": 71.14285714285714
    }
  }
}