{
  "stats": {
    "count": 3,
    "min_m": 6561.390017879174,
    "median_m": 6561.390017879174,
    "mean_m": 8796.333386832708,
    "p90_m": 11925.254103367653,
    "p95_m": 12595.737114053713,
    "max_m": 13266.220124739773
  },
  "rows": 3,
  "summary": {
    "dist_m": {
      "min": 291.2037689257579,
      "max": 744.4362795593698,
      "mean": 488.1651394278958
    },
    "time_overlap_s": {
      "min": 56.0,
      "max": 104.0,
      "mean": 84.0
    },
    "overlap_frac": {
      "min": 1.0,
      "max": 1.0,
      "mean": 1.0
    },
    "climb_rate_ms": {
      "min": 1.6730769230769231,
      "max": 2.375,
      "mean": 1.950808249721293
    },
    "alt_gain_m": {
      "min": 133.0,
      "max": 174.0,
      "mean": 157.66666666666666
    },
    "duration_s": {
      "min": 56.0,
      "max": 104.0,
      "mean": 84.0
    }
  }
}